FI7FS40303,20170324,20170627
FI7FS40303,20170627,20170927
FI7FS40303,20170927,20171227
FI7FS40303,20171227,20180326
FI7FS40310,20170324,20170627
FI7FS40310,20170627,20170927
FI7FS40310,20170927,20171227
FI7FS40310,20171227,20180326
FI7FS40682,20170407,20170707
FI7FS40682,20170707,20171010
FI7FS40682,20171010,20180110
FI7FS40682,20180110,20180409
FI7FS40912,20170421,20170721
FI7FS40912,20170721,20171023
FI7FS40912,20171023,20180123
FI7FS40912,20180123,20180423
FI7FS41826,20170609,20170710
FI7FS41826,20170710,20170810
FI7FS41826,20170810,20170911
FI7FS41826,20170911,20171011
FI7FS41826,20171011,20171109
FI7FS41826,20171109,20171211
FI7FS41826,20171211,20180111
FI7FS41826,20180111,20180212
FI7FS41826,20180212,20180315
FI7FS41826,20180315,20180416
FI7FS41826,20180416,20180517
FI7FS41826,20180517,20180525
FI7FS41882,20170614,20170714
FI7FS41882,20170714,20170814
FI7FS41882,20170814,20170913
FI7FS41882,20170913,20171013
FI7FS41882,20171013,20171113
FI7FS41882,20171113,20171213
FI7FS41882,20171213,20180112
FI7FS41882,20180112,20180212
FI7FS41882,20180212,20180314
FI7FS41882,20180314,20180413
FI7FS41882,20180413,20180514
FI7FS41882,20180514,20180525
