FI7FS40303,2
FI7FS40310,2
FI7FS40682,2
FI7FS40912,2
FI7FS41306,1
FI7FS41307,1
FI7FS41308,1
FI7FS41585,1
FI7FS41826,2
FI7FS41882,2
FI7FS43090,3
FI7FS43319,3
FI7FS43674,3
FI7FS43761,3
FI7FS43764,3
FI7FS43831,3
FI7FS43940,3
FI7FS43941,3
FI7FS43967,3
FI7FS44003,3
FI7FS44005,3
FI7FS44006,3
FI7FS44008,3
FI7FS44141,3
FI7FS44218,3
FI7FS44220,3
FI7FS44244,3
FI7FS44245,3
FI7FS44246,3
FI7FS44247,3
FI7FS44248,3
FI7FS44249,3
FI7FS44251,3
FI7FS44252,3
FI7FS44368,3
FI7FS44369,3
FI7FS44388,3
FI7FS44389,3
FI7FS44417,3
FI7FS44419,3
FI7FS44420,3
FI7FS44421,3
FI7FS44422,3
FI7FS44423,3
FI7FS44424,3
FI7FS44443,3
FI7FS44444,3
FI7FS44445,3
FI7FS44575,3
FI7FS44787,3
FI7FS44805,3
FI7FS44806,3
FI7FS44807,3
FI7FS44808,3
FI7FS44809,3
FI7FS44810,3
FI7FS44812,3
FI7FS44829,3
FI7FS44830,3
FI7FS44831,3
FI7FS44832,3
FI7FS44833,3
FI7FS44851,3
FI7FS44852,3
FI7FS44853,3
FI7FS44854,3
FI7FS44855,3
FI7FS44869,3
FI7FS44870,3
FI7FS44871,3
FI7FS44872,3
FI7FS44873,3
FI7FS44874,3
FI7FS44875,3
FI7FS44876,3
FI7FS44900,3
FI7FS44901,3
FI7FS44902,3
FI7FS44903,3
FI7FS44904,3
FI7FS44905,3
FI7FS44906,3
FI7FS44907,3
FI7FS44912,3
FI7FS44913,3
FI7FS44968,3
FI7FS44969,3
FI7FS44970,3
FI7FS44971,3
FI7FS44972,3
FI7FS44976,3
FI7FS44977,3
FI7FS45013,3
FI7FS45014,3
FI7FS45015,3
FI7FS45061,3
FI7FS45062,3
FI7FS45086,3
FI7FS45087,3
FI7FS45088,3
FI7FS45089,3
FI7FS45090,3
FI7FS45091,3
FI7FS45092,3
FI7FS45093,3
FI7FS45118,3
FI7FS45119,3
FI7FS45120,3
FI7FS45135,3
FI7FS45136,3
FI7FS45137,3
FI7FS45138,3
FI7FS45164,3
FI7FS45165,3
FI7FS45166,3
FI7FS45167,3
FI7FS45169,3
FI7FS45181,1
FI7FS45182,1
FI7FS45183,1
FI7FS45184,1
FI7FS45190,3
FI7FS45191,3
FI7FS45192,3
FI7FS45193,3
FI7FS45194,3
FI7FS45195,3
FI7FS45196,3
FI7FS45197,3
FI7FS45198,3
FI7FS45199,3
FI7FS45200,3
FI7FS45223,3
FI7FS45224,3
FI7FS45225,3
FI7FS45226,3
FI7FS45227,3
FI7FS45248,3
FI7FS45249,3
FI7FS45250,3
FI7FS45251,3
FI7FS45252,3
FI7FS45253,3
FI7FS45254,3
FI7FS45274,3
FI7FS45275,3
FI7FS45287,3
FI7FS45288,3
FI7FS45289,3
FI7FS45290,3
FI7FS45291,3
FI7FS45292,3
FI7FS45293,3
FI7FS45294,3
FI7FS45295,3
FI7FS45296,3
FI7FS45297,3
FI7FS45298,3
FI7FS45326,3
FI7FS45338,3
FI7FS45339,3
FI7FS45368,3
FI7FS45369,3
FI7FS45370,3
FI7FS45371,3
FI7FS45372,3
FI7FS45373,3
FI7FS45374,3
FI7FS45375,3
FI7FS45376,3
FI7FS45398,3
FI7FS45399,3
FI7FS45400,3
FI7FS45401,3
FI7FS45402,3
FI7FS45403,3
FI7FS45404,3
FI7FS45405,3
FI7FS45406,3
FI7FS45407,3
FI7FS45430,3
FI7FS45431,3
FI7FS45432,3
FI7FS45433,3
FI7FS45434,3
FI7FS45435,3
FI7FS45436,3
FI7FS45437,3
FI7FS45453,3
FI7FS45454,3
FI7FS45455,3
FI7FS45456,3
FI7FS45457,3
FI7FS45458,3
FI7FS45496,3
FI7FS45497,3
FI7FS45498,3
FI7FS45499,3
FI7FS45500,3
FI7FS45525,3
FI7FS45526,3
FI7FS45527,3
FI7FS45548,3
FI7FS45549,3
FI7FS45593,3
FI7FS45594,3
FI7FS45595,3
FI7FS45596,3
FI7FS45597,3
FI7FS45598,3
FI7FS45599,3
FI7FS45600,3
FI7FS45629,3
FI7FS45630,3
FI7FS45632,3
FI7FS45633,3
FI7FS45634,3
FI7FS45635,3
FI7FS45636,3
FI7FS45637,3
FI7FS45638,3
FI7FS45639,3
FI7FS45654,3
FI7FS45655,3
FI7FS45656,3
FI7FS45657,3
FI7FS45658,3
FI7FS45659,3
